source,category,avg_event_size_bytes,typical_eps_per_device,burst_eps_per_device,rate_driver,page,license
Active Directory,AD/Domain controller,300,500,3000,"Kerberos tickets; ~40/sec per 1,000 users",https://logcaliper.app/sources/active-directory/,"CC BY 4.0, Logcaliper, https://logcaliper.app/sources/"
Android,Mobile OS,138,,,,https://logcaliper.app/sources/android/,"CC BY 4.0, Logcaliper, https://logcaliper.app/sources/"
Apache Flink,Application,2000,100,1000,"web access logs high, service audit trails low",https://logcaliper.app/sources/apache-flink/,"CC BY 4.0, Logcaliper, https://logcaliper.app/sources/"
Apache Hadoop,Distributed system,192,100,1000,per node at INFO; log level is the lever,https://logcaliper.app/sources/apache-hadoop/,"CC BY 4.0, Logcaliper, https://logcaliper.app/sources/"
Apache HTTP Server,Application,300,100,1000,"web access logs high, service audit trails low",https://logcaliper.app/sources/apache-http-server/,"CC BY 4.0, Logcaliper, https://logcaliper.app/sources/"
Apache Kafka,Application,2000,100,1000,"web access logs high, service audit trails low",https://logcaliper.app/sources/apache-kafka/,"CC BY 4.0, Logcaliper, https://logcaliper.app/sources/"
Apache Spark,Distributed system,97,100,1000,per node at INFO; log level is the lever,https://logcaliper.app/sources/apache-spark/,"CC BY 4.0, Logcaliper, https://logcaliper.app/sources/"
Apache Zookeeper,Distributed system,139,100,1000,per node at INFO; log level is the lever,https://logcaliper.app/sources/apache-zookeeper/,"CC BY 4.0, Logcaliper, https://logcaliper.app/sources/"
Aruba Networks,Router,138,15,200,control plane only; ACL logging is the swing,https://logcaliper.app/sources/aruba-networks/,"CC BY 4.0, Logcaliper, https://logcaliper.app/sources/"
Bluecoat,Proxy,300,600,3000,"one record per HTTP request, tracks user count",https://logcaliper.app/sources/bluecoat/,"CC BY 4.0, Logcaliper, https://logcaliper.app/sources/"
CarbonBlack,Managed endpoint,500,10,100,"detections only is far lower, full telemetry far higher",https://logcaliper.app/sources/carbonblack/,"CC BY 4.0, Logcaliper, https://logcaliper.app/sources/"
Checkpoint FW,Firewall,200,600,3000,per appliance; TLS inspection multiplies it,https://logcaliper.app/sources/checkpoint-fw/,"CC BY 4.0, Logcaliper, https://logcaliper.app/sources/"
Cisco ISE,Servers,970,30,250,"generic appliance OS, no process auditing",https://logcaliper.app/sources/cisco-ise/,"CC BY 4.0, Logcaliper, https://logcaliper.app/sources/"
Cisco Netflow v5,Network flows,830,2000,10000,unsampled; 1:1000 sampling is 1000x lower,https://logcaliper.app/sources/cisco-netflow-v5/,"CC BY 4.0, Logcaliper, https://logcaliper.app/sources/"
Cisco Netflow v9,Network flows,814,2000,10000,unsampled; 1:1000 sampling is 1000x lower,https://logcaliper.app/sources/cisco-netflow-v9/,"CC BY 4.0, Logcaliper, https://logcaliper.app/sources/"
Crowdstrike,Managed endpoint,540,10,100,"detections only is far lower, full telemetry far higher",https://logcaliper.app/sources/crowdstrike/,"CC BY 4.0, Logcaliper, https://logcaliper.app/sources/"
Forcepoint Firewall,Firewall,561,600,3000,per appliance; TLS inspection multiplies it,https://logcaliper.app/sources/forcepoint-firewall/,"CC BY 4.0, Logcaliper, https://logcaliper.app/sources/"
Google Audit,Application,400,100,1000,"web access logs high, service audit trails low",https://logcaliper.app/sources/google-audit/,"CC BY 4.0, Logcaliper, https://logcaliper.app/sources/"
Infoblox,Linux/Unix host,200,30,300,auditd rules decide this,https://logcaliper.app/sources/infoblox/,"CC BY 4.0, Logcaliper, https://logcaliper.app/sources/"
Mac OS,Managed endpoint,145,10,100,"detections only is far lower, full telemetry far higher",https://logcaliper.app/sources/mac-os/,"CC BY 4.0, Logcaliper, https://logcaliper.app/sources/"
Netskope Alert,Proxy,2591,600,3000,"one record per HTTP request, tracks user count",https://logcaliper.app/sources/netskope-alert/,"CC BY 4.0, Logcaliper, https://logcaliper.app/sources/"
Office 365,Application,1958,100,1000,"web access logs high, service audit trails low",https://logcaliper.app/sources/office-365/,"CC BY 4.0, Logcaliper, https://logcaliper.app/sources/"
Open SSH,Application,111,100,1000,"web access logs high, service audit trails low",https://logcaliper.app/sources/open-ssh/,"CC BY 4.0, Logcaliper, https://logcaliper.app/sources/"
Open Stack,Distributed system,297,100,1000,per node at INFO; log level is the lever,https://logcaliper.app/sources/open-stack/,"CC BY 4.0, Logcaliper, https://logcaliper.app/sources/"
Oracle Database,Database,1030,100,1000,"audit policy decides this, not workload",https://logcaliper.app/sources/oracle-database/,"CC BY 4.0, Logcaliper, https://logcaliper.app/sources/"
Palo Alto Firewall,Firewall,734,600,3000,per appliance; TLS inspection multiplies it,https://logcaliper.app/sources/palo-alto-firewall/,"CC BY 4.0, Logcaliper, https://logcaliper.app/sources/"
PaloAlto Networks OS,Firewall,348,600,3000,per appliance; TLS inspection multiplies it,https://logcaliper.app/sources/paloalto-networks-os/,"CC BY 4.0, Logcaliper, https://logcaliper.app/sources/"
Redhat Linux,Linux/Unix host,150,30,300,auditd rules decide this,https://logcaliper.app/sources/redhat-linux/,"CC BY 4.0, Logcaliper, https://logcaliper.app/sources/"
Snort,IDS/IPS,200,200,2000,"alert-only sensors far lower, Zeek/Suricata far higher",https://logcaliper.app/sources/snort/,"CC BY 4.0, Logcaliper, https://logcaliper.app/sources/"
Stellar Cyber Interflow,SIEM,1000,10000,50000,a normalised feed from another platform,https://logcaliper.app/sources/stellar-cyber-interflow/,"CC BY 4.0, Logcaliper, https://logcaliper.app/sources/"
Tanium,Managed endpoint,500,10,100,"detections only is far lower, full telemetry far higher",https://logcaliper.app/sources/tanium/,"CC BY 4.0, Logcaliper, https://logcaliper.app/sources/"
Twitter message,Application,140,100,1000,"web access logs high, service audit trails low",https://logcaliper.app/sources/twitter-message/,"CC BY 4.0, Logcaliper, https://logcaliper.app/sources/"
Unified Data Model,SIEM,1236,10000,50000,a normalised feed from another platform,https://logcaliper.app/sources/unified-data-model/,"CC BY 4.0, Logcaliper, https://logcaliper.app/sources/"
VMware ESX,Servers,80,30,250,"generic appliance OS, no process auditing",https://logcaliper.app/sources/vmware-esx/,"CC BY 4.0, Logcaliper, https://logcaliper.app/sources/"
Windows 10,Windows workstation,700,5,50,assumes Sysmon; raw EDR telemetry is 10x,https://logcaliper.app/sources/windows-10/,"CC BY 4.0, Logcaliper, https://logcaliper.app/sources/"
Windows DNS,Windows servers,1066,50,300,assumes 4688 plus Sysmon,https://logcaliper.app/sources/windows-dns/,"CC BY 4.0, Logcaliper, https://logcaliper.app/sources/"
Windows Event Log,Windows servers,2413,50,300,assumes 4688 plus Sysmon,https://logcaliper.app/sources/windows-event-log/,"CC BY 4.0, Logcaliper, https://logcaliper.app/sources/"
Windows Server 2016,Windows servers,800,50,300,assumes 4688 plus Sysmon,https://logcaliper.app/sources/windows-server-2016/,"CC BY 4.0, Logcaliper, https://logcaliper.app/sources/"
Zeek IDS,IDS/IPS,150,200,2000,"alert-only sensors far lower, Zeek/Suricata far higher",https://logcaliper.app/sources/zeek-ids/,"CC BY 4.0, Logcaliper, https://logcaliper.app/sources/"
